"Thu Mar 25 00:00:00 UTC 2021","90.0000","оплачен","234241"
"Tue Apr 06 00:00:00 UTC 2021","1972.0000","оплачен","234898"
"Tue Mar 16 00:00:00 UTC 2021","1700.0000","оплачен","238472"
"Fri Apr 09 00:00:00 UTC 2021","7806.0000","оплачен","248793"
"Fri Mar 26 00:00:00 UTC 2021","792.0000","оплачен","248984"
"Wed Mar 17 00:00:00 UTC 2021","875.0000","оплачен","293853"
"Sun Feb 28 00:00:00 UTC 2021","3600.0000","оплачен","294793"
,"4650.0000","не оплачен","453543"
,"6700.0000","не оплачен","768656"
"Mon Apr 12 00:00:00 UTC 2021","199.0000","оплачен","835683"
